name,team,position,espn_id
Aaron Rodgers,PIT,QB,8439
Adam Weber,TBB,QB,14456
Adrian Martinez,SFO,QB,4361182
Aidan O'Connell,LVR,QB,4260394
Andy Dalton,CAR,QB,14012
Anthony Richardson,IND,QB,4429084
Bailey Zappe,NYJ,QB,4250360
Baker Mayfield,TBB,QB,3052587
Ben DiNucci,DEN,QB,3895785
Bo Nix,DEN,QB,4426338
Brad Sorensen,MIN,QB,16353
Brady Cook,NYJ,QB,4429435
Brandon Allen,TEN,QB,2574511
Brandon Weeden,HOU,QB,14878
Brett Ratliff,TBB,QB,11068
Brett Rypien,MIN,QB,3722362
Brock Purdy,SFO,QB,4361741
Bruce Gradkowski,PIT,QB,9780
Bryce Young,CAR,QB,4685720
Byron Leftwich,PIT,QB,4465
C.J. Beathard,DET,QB,2979520
C.J. Stroud,HOU,QB,4432577
Caleb Williams,CHI,QB,4431611
Cam Miller,MIA,QB,4693331
Cam Ward,TEN,QB,4688380
Carson Wentz,MIN,QB,2573079
Carter Bradley,JAC,QB,4362260
Case Keenum,CHI,QB,15168
Chandler Harnish,IND,QB,15007
Charlie Batch,PIT,QB,1490
Charlie Frye,OAK,QB,8481
Chris Oladokun,KCC,QB,4044111
Cooper Rush,BAL,QB,2972515
D.J. Shockley,ATL,QB,9809
DJ Uiagalelei,LAC,QB,4429020
Dak Prescott,DAL,QB,2577417
Daniel Jones,IND,QB,3917792
David Garrard,NYJ,QB,3636
Davis Mills,HOU,QB,4242546
Deshaun Watson,CLE,QB,3122840
Desmond Ridder,GBP,QB,4239086
Dillon Gabriel,CLE,QB,4427238
Drake Maye,NEP,QB,4431452
Drew Lock,SEA,QB,3924327
Dustin Vaughan,PIT,QB,17337
Dylan Thompson,SFO,QB,2516344
Easton Stick,ATL,QB,3120590
G.J. Kinne,PHI,QB,15299
Gardner Minshew,KCC,QB,4038524
Geno Smith,LVR,QB,15864
Graham Mertz,HOU,QB,4426335
Greg McElroy,CIN,QB,14101
Hendon Hooker,NYJ,QB,4240858
Hunter Dekkers,NOS,QB,4565358
Ingle Martin,KCC,QB,9734
J.J. McCarthy,MIN,QB,4433970
Jacoby Brissett,ARI,QB,2578570
Jake Browning,CIN,QB,3886812
Jake Haener,KCC,QB,4243322
Jalen Hurts,PHI,QB,4040715
Jalen Milroe,SEA,QB,4432734
Jameis Winston,NYG,QB,2969939
Jared Goff,DET,QB,3046779
Jarrett Stidham,DEN,QB,3892775
Jaxson Dart,NYG,QB,4689114
Jayden Daniels,WAS,QB,4426348
Jeff Driskel,WAS,QB,2574630
Jerrod Johnson,DAL,QB,14275
Jimmy Garoppolo,LAR,QB,16760
Joe Burrow,CIN,QB,3915511
Joe Flacco,CIN,QB,11252
Joe Milton,DAL,QB,4360698
Joel Stave,KCC,QB,2576446
John Parker Wilson,JAC,QB,12480
John Wolford,MIN,QB,3124092
Jon Kitna,CIN,QB,2565
Jon Kitna,DAL,QB,1383
Jordan Love,GBP,QB,4036378
Josh Allen,BUF,QB,3918298
Josh Johnson,WAS,QB,11394
Joshua Dobbs,NEP,QB,3044720
Justin Fields,NYJ,QB,4362887
Justin Herbert,LAC,QB,4038941
Kedon Slovis,ARI,QB,4428512
Kenny Pickett,LVR,QB,4240703
Kirk Cousins,ATL,QB,14880
Kurtis Rourke,SFO,QB,4430431
Kyle Allen,DET,QB,3115293
Kyle McCord,GBP,QB,4433971
Kyle Padron,OAK,QB,16249
Kyle Trask,ATL,QB,4034946
Kyler Murray,ARI,QB,3917315
Lamar Jackson,BAL,QB,3916387
Logan Woodside,ARI,QB,3042749
Mac Jones,SFO,QB,4241464
Malik Willis,GBP,QB,4242512
Marcus Mariota,WAS,QB,2576980
Mason Rudolph,PIT,QB,3116407
Matt Flynn,NOS,QB,11443
Matt Gutierrez,CHI,QB,10764
Matt McGloin,KCC,QB,16593
Matthew Stafford,LAR,QB,12483
Max Brosmer,MIN,QB,4573398
Max Hall,ARI,QB,13576
McLeod Bethel-Thompson,SFO,QB,14594
Michael Penix Jr.,ATL,QB,4360423
Mike Reilly,STL,QB,12899
Mike White,CAR,QB,3051381
Mitchell Trubisky,BUF,QB,3039707
Nathan Enderle,TEN,QB,14120
Nick Mullens,JAC,QB,3059989
Pat Devlin,MIN,QB,14240
Patrick Mahomes,KCC,QB,3139477
Philip Rivers,IND,QB,5529
Quinn Ewers,MIA,QB,4889929
Riley Leonard,IND,QB,4683423
Russell Wilson,NYG,QB,14881
Sam Darnold,SEA,QB,3912547
Sam Ehlinger,DEN,QB,4241820
Sam Hartman,WAS,QB,4361994
Sam Howell,PHI,QB,4426875
Sean Clifford,CIN,QB,4259592
Seth Henigan,IND,QB,4606194
Shane Buechele,BUF,QB,4039034
Shedeur Sanders,CLE,QB,4432762
Skylar Thompson,PIT,QB,4036419
Spencer Rattler,NOS,QB,4426339
Spergon Wynn,CLE,QB,11344
Stephen Morris,WAS,QB,17220
Stetson Bennett,LAR,QB,4259553
Tanner McKee,PHI,QB,4685201
Teddy Bridgewater,TBB,QB,16728
Tommy DeVito,NEP,QB,4240391
Trent Edwards,OAK,QB,10536
Trevor Lawrence,JAC,QB,4360310
Trevor Siemian,TEN,QB,2511109
Trey Lance,LAC,QB,4383351
Tua Tagovailoa,MIA,QB,4241479
Tyler Huntley,BAL,QB,4035671
Tyler Shough,NOS,QB,4360689
Tyler Thigpen,CLE,QB,10660
Tyrod Taylor,NYJ,QB,14163
Tyson Bagent,CHI,QB,4434153
Vinny Testaverde,NYJ,QB,4403
Will Grier,DAL,QB,3115252
Will Howard,PIT,QB,4429955
Will Levis,TEN,QB,4361418
Zac Robinson,CIN,QB,13444
Zach Wilson,MIA,QB,4361259
AJ Dillon,PHI,RB,4239934
Aaron Green,BUF,RB,2570994
Aaron Jones,MIN,RB,3042519
Adam Prentice,DEN,RB,3929914
Ahmani Marshall,CLE,RB,4432374
Alec Ingold,MIA,RB,3917668
Alexander Mattison,MIA,RB,4048244
Allen Patrick,JAC,RB,11474
Alvin Kamara,NOS,RB,3054850
Amar Johnson,LAC,RB,4878878
Ameer Abdullah,IND,RB,2576336
Amos Zereoue,PIT,RB,11391
Andrew Beck,NYJ,RB,3125107
Antonio Gibson,NEP,RB,4360294
Ashton Jeanty,LVR,RB,4890973
Audric Estime,NOS,RB,4569682
Austin Ekeler,WAS,RB,3068267
Avery Williams,NYJ,RB,4048259
Bam Knight,ARI,RB,4427728
Ben Malena,DAL,RB,17319
Ben Mason,BAL,RB,4258190
BenJarvus Green-Ellis,FA*,RB,11754
Bhayshul Tuten,JAC,RB,4882093
Bijan Robinson,ATL,RB,4430807
Blake Corum,LAR,RB,4429096
Blake Watson,TEN,RB,4361604
Brady Russell,SEA,RB,4243176
Braelon Allen,NYJ,RB,4685247
Brashard Smith,KCC,RB,4596602
Breece Hall,NYJ,RB,4427366
Brian Robinson,SFO,RB,4241474
British Brooks,HOU,RB,4373273
Brittain Brown,CHI,RB,4036032
Bucky Irving,TBB,RB,4596448
Buddy Howell,LAR,RB,3122716
C.J. Ham,MIN,RB,4012556
Cam Akers,SEA,RB,4240021
Cam Skattebo,NYG,RB,4696981
Carlos Washington,ATL,RB,4248425
Carnell Williams,FA*,RB,8420
Carson Steele,PHI,RB,4714365
Cedric Peerman,CIN,RB,12519
Chase Brown,CIN,RB,4362238
Chase Edmonds,WAS,RB,3119195
Chris Brooks,GBP,RB,3149687
Chris Collier,LVR,RB,4698191
Chris Rodriguez,WAS,RB,4362619
Chris Taylor,NOS,RB,2767
Christian McCaffrey,SFO,RB,3117251
Chuba Hubbard,CAR,RB,4241416
Cierre Wood,BUF,RB,16496
Clyde Edwards-Helaire,KCC,RB,4242214
Cody Schrader,DEN,RB,4391845
Corey Kiner,ARI,RB,4431431
Craig Reynolds,NEP,RB,4421446
Cyrus Gray,ATL,RB,14897
D'Andre Swift,CHI,RB,4259545
D'Ernest Johnson,NEP,RB,3139602
DJ Giddens,IND,RB,4874509
Dameon Pierce,KCC,RB,4360238
Damien Martinez,GBP,RB,4808830
Dante Miller,NYG,RB,4367510
Dare Ogunbowale,HOU,RB,2983509
Darrin Reaves,KCC,RB,17397
David Montgomery,DET,RB,4035538
Davin Meggett,IND,RB,15617
De'Von Achane,MIA,RB,4429160
DeDe Dorsey,FA*,RB,10341
DeeJay Dallas,JAC,RB,4240631
Deneric Prince,NEP,RB,4372526
Dennis Morris,SDC,RB,13425
Derrick Henry,BAL,RB,3043078
Deuce Vaughn,DEN,RB,4431453
Devante Mays,JAC,RB,3918026
Devin Neal,NOS,RB,4682652
Devin Singletary,NYG,RB,4040761
Donovan Edwards,MIA,RB,4431536
Dylan Laube,LVR,RB,4366963
Dylan Sampson,CLE,RB,5081397
Eddie Williams,CLE,RB,12554
Elijah Mitchell,NEP,RB,4241555
Emanuel Wilson,GBP,RB,4887558
Emari Demercado,ARI,RB,4362478
Eric Gray,NYG,RB,4570561
Evan Hull,NOS,RB,4569609
Frank Gore Jr.,BUF,RB,4429805
Gary Brightwell,CIN,RB,4245645
George Holani,SEA,RB,4429835
George Winn,NYG,RB,16488
Glenn Winston,CLE,RB,2310051
Hassan Haskins,LAC,RB,4372071
Hunter Luepke,DAL,RB,4383396
Ian Johnson,DET,RB,12505
Ian Wheeler,NOS,RB,4579554
Isaac Guerendo,SFO,RB,4372561
Isaiah Davis,NYJ,RB,4695404
Isiah Pacheco,KCC,RB,4361529
Israel Abanikanda,DAL,RB,4429202
J.K. Dobbins,DEN,RB,4241985
Ja'Quinden Jackson,JAC,RB,4690972
Jabari Small,DET,RB,4432545
Jacardia Wright,SEA,RB,4428943
Jacob Saylors,DET,RB,4383429
Jacory Croskey-Merritt,WAS,RB,4575131
Jahmyr Gibbs,DET,RB,4429795
Jahwan Edwards,MIA,RB,2577845
Jakob Johnson,HOU,RB,3115349
Jaleel McLaughlin,DEN,RB,4722893
James Conner,ARI,RB,3045147
James Cook,BUF,RB,4379399
Jaret Patterson,LAC,RB,4362452
Jarquez Hunter,LAR,RB,4710341
Javarris James,ARI,RB,13748
Javarris Williams,HOU,RB,12526
Javonte Williams,DAL,RB,4361579
Jawhar Jordan,HOU,RB,4429939
Jaydon Blue,DAL,RB,4685279
Jaylen Warren,PIT,RB,4569987
Jaylen Wright,MIA,RB,4682745
Jeff Demps,IND,RB,15749
Jeffery Wilson,MIA,RB,3122976
Jeremiah Johnson,DEN,RB,12504
Jeremy McNichols,WAS,RB,3127586
Jermar Jefferson,ARI,RB,4374033
Jerome Ford,CLE,RB,4372019
Jerome Harrison,DET,RB,9731
Joe Mixon,HOU,RB,3116385
John Crockett,BAL,RB,2986739
John Griffin,NYJ,RB,14724
Jonathan Taylor,IND,RB,4242335
Jonathan Ward,BAL,RB,4039274
Jonathon Brooks,CAR,RB,4678008
Jordan James,SFO,RB,4685397
Jordan Mason,MIN,RB,4360569
Jordan Mims,TEN,RB,4243004
Josh Jacobs,GBP,RB,4047365
Josh Williams,TBB,RB,4568024
Julian Howsare,NYJ,RB,3124451
Julius Chestnut,TEN,RB,4367567
Justice Hill,BAL,RB,4038441
Justin Griffith,HOU,RB,4579
Kaleb Johnson,PIT,RB,4819231
Kalel Mullings,TEN,RB,4429121
Kareem Hunt,KCC,RB,3059915
Keaontay Ingram,KCC,RB,4362087
Keaton Mitchell,BAL,RB,4596334
Keilan Robinson,NYJ,RB,4567095
Kelvin Taylor,CLE,RB,3043120
Kendall Milton,CIN,RB,4429012
Kendre Miller,NOS,RB,4599739
Kene Nwangwu,NYJ,RB,4035537
Kenneth Gainwell,PIT,RB,4371733
Kenneth Walker III,SEA,RB,4567048
Kenny Hilliard,HOU,RB,2577288
Kenny McIntosh,SEA,RB,4427391
Kerrith Whyte,GBP,RB,3919104
Kevin Turner,PHI,RB,9727
Khalfani Muhammad,DEN,RB,3052143
Khalil Herbert,NYJ,RB,4035886
Kimani Vidal,LAC,RB,4430968
Korey Hall,ARI,RB,10634
Kory Sheets,OAK,RB,12521
Kyle Juszczyk,SFO,RB,16002
Kyle Monangai,CHI,RB,4608686
Kyren Williams,LAR,RB,4430737
Lan Larison,NEP,RB,4698253
Lawrence Thomas,NYJ,RB,2576280
LeQuint Allen,JAC,RB,4911851
Lew Nichols,PIT,RB,4428119
Lonnie Pryor,TBB,RB,16372
Malcolm Johnson,SFO,RB,2516316
Malik Davis,DAL,RB,4240603
MarShawn Lloyd,GBP,RB,4429023
Mark Thompson,OAK,RB,4057659
Marshall Faulk,STL,RB,2577503
Matt Lawrence,BAL,RB,11801
Matthew Tucker,PHI,RB,16236
Michael Burton,DEN,RB,2515270
Michael Carter,ARI,RB,4240657
Michael Hill,DAL,RB,16074
Michael Wiley,TBB,RB,4569156
Mike James,DET,RB,15968
Miles Sanders,DAL,RB,4045163
Montrell Johnson,CAR,RB,4684625
Myles Gaskin,SEA,RB,3886818
Najee Harris,LAC,RB,4241457
Nathan Carter,ATL,RB,4605841
Naufahu Tahi,MIN,RB,10246
Nick Chubb,HOU,RB,3128720
Nikita Whitlock,NYG,RB,17288
Nyheim Hines,NOS,RB,3916430
Ollie Gordon,MIA,RB,4711533
Omarion Hampton,LAC,RB,4685382
Onterio McCalebb,CIN,RB,16319
Owen Wright,TBB,RB,4249616
Patrick Ricard,BAL,RB,2975417
Patrick Taylor,SFO,RB,4039358
Phil Mafah,DAL,RB,4431562
Pierre Strong Jr.,GBP,RB,4249836
Quinshon Judkins,CLE,RB,4685702
RJ Harvey,DEN,RB,4568490
Rachaad White,TBB,RB,4697815
Raheem Blackshear,NYJ,RB,4259308
Raheem Mostert,LVR,RB,2576414
Raheim Sanders,CLE,RB,4601080
Rajion Neal,CLE,RB,17221
Ralph Webb,PIT,RB,3051762
Rashawn Jackson,CAR,RB,13590
Rasheen Ali,BAL,RB,4690013
Ray Davis,BUF,RB,4429501
Reggie Gilliam,BUF,RB,4039505
Rhamondre Stevenson,NEP,RB,4569173
Richard Medlin,MIA,RB,14825
Ricky Ortiz,NOS,RB,2978244
Rico Dowdle,CAR,RB,4038815
Robbie Ouzts,SEA,RB,4691688
Robert Hughes,ARI,RB,14266
Rock Cartwright,FA*,RB,3761
Ronnie Rivers,LAR,RB,4243003
Roschon Johnson,CHI,RB,4426386
Royce Freeman,LAC,RB,3122672
Ryan Mahaffey,IND,RB,14284
Salvon Ahmed,IND,RB,4243315
Samaje Perine,CIN,RB,3116389
Saquon Barkley,PHI,RB,3929630
Scott Matlock,LAC,RB,4373684
Sean Tucker,TBB,RB,4430871
Shane Bannon,KCC,RB,14166
Shaun Chapas,DET,RB,14094
ShunDerrick Powell,KCC,RB,4876907
Silas Redd,WAS,RB,17352
Sincere McCormick,MIN,RB,4430104
Sione Vaki,DET,RB,4912274
Spencer Brown,CAR,RB,4239768
Steven Jackson,NEP,RB,5549
Steven Miller,DET,RB,16094
Tahj Brooks,CIN,RB,4429299
Tank Bigsby,PHI,RB,4429013
Terrell Jennings,NEP,RB,4427600
Tony Pollard,TEN,RB,3916148
Tony Richardson,KCC,RB,4466
Travis Etienne,JAC,RB,4239996
Travis Homer,CHI,RB,4037457
Trayveon Williams,CLE,RB,4035222
TreVeyon Henderson,NEP,RB,4432710
Trevor Etienne,CAR,RB,4685350
Trey Benson,ARI,RB,4429275
Trey Millard,KCC,RB,16901
Trey Sermon,PIT,RB,4241401
Trey Watts,RAM,RB,17282
Trey Williams,DAL,RB,2972282
Ty Chandler,MIN,RB,4242431
Ty Johnson,BUF,RB,3915411
Tyjae Spears,TEN,RB,4428557
Tyler Allgeier,ATL,RB,4373626
Tyler Badie,DEN,RB,4362748
Tyler Gaffney,JAC,RB,16838
Tyler Goodson,IND,RB,4429676
Tyler Varga,IND,RB,2969294
Tyrone Tracy,NYG,RB,4360516
Ulysses Bentley,IND,RB,4426689
Will Johnson,NYG,RB,14870
Will Shipley,PHI,RB,4431545
Woody Marks,HOU,RB,4429059
Zach Charbonnet,SEA,RB,4426385
Zamir White,LVR,RB,4361777
Zavier Scott,MIN,RB,4257364
AJ Barner,SEA,TE,4576297
Adam Trautman,DEN,TE,3911853
Adrien Robinson,NYJ,TE,14905
Albert Okwuegbunam,LVR,TE,4035115
Alex Ellis,PHI,TE,2577731
Alex Smith,WAS,TE,8485
Allen Reisner,BAL,TE,14433
Andrew Ogletree,IND,TE,4722908
Anthony Firkser,DET,TE,3049698
Armani Rogers,BUF,TE,4056052
Asante Cleveland,LAC,TE,17125
Austin Fort,DEN,TE,3125402
Austin Hooper,NEP,TE,3043275
Bear Pascoe,NEP,TE,12548
Ben Sims,MIN,TE,4373030
Ben Sinnott,WAS,TE,4690923
Ben Yurosek,MIN,TE,4433959
Billy Brown,IND,TE,3957543
Blake Whiteheart,CLE,TE,4362018
Brad Smelley,STL,TE,15055
Brandon Barden,JAC,TE,15195
Brayden Willis,SFO,TE,4360290
Brenden Bates,CLE,TE,4362603
Brenton Strange,JAC,TE,4430539
Brevin Jordan,HOU,TE,4362504
Brevyn Spann-Ford,DAL,TE,4360967
Brian Kozlowski,ATL,TE,2598
Brian Leonhardt,SFO,TE,16265
Brian Parker,NOS,TE,2508328
Brock Bowers,LVR,TE,4432665
Brock Wright,DET,TE,4242392
Brody Eldridge,CHI,TE,13359
CJ Dippre,NEP,TE,4596545
Cade Otton,TBB,TE,4243331
Cade Stover,HOU,TE,4426496
Caleb Lohner,DEN,TE,4432208
Cam Grandy,CIN,TE,4700712
Cameron Latu,PHI,TE,4372026
Carter Runyon,LVR,TE,5155825
Charles Jones,JAC,TE,3126263
Charlie Kolar,BAL,TE,4241263
Charlie Woerner,ATL,TE,4035020
Chigoziem Okonkwo,TEN,TE,4360635
Chris Gragg,NYJ,TE,15940
Chris Manhertz,NYG,TE,2531358
Chris Pantale,MIA,TE,16210
Clark Harris,CIN,TE,10686
Clay Harbor,NOS,TE,13376
Colby Parkinson,LAR,TE,4242557
Cole Hikutini,DAL,TE,2968204
Cole Kmet,CHI,TE,4258595
Cole Turner,MIA,TE,4361438
Cole Wick,NOS,TE,2982151
Colin Cochart,DAL,TE,14658
Collin Franklin,TBB,TE,14480
Colson Yankoff,WAS,TE,4361088
Colston Loveland,CHI,TE,4723086
Connor Heyward,PIT,TE,4241961
Cooper Helfet,OAK,TE,15670
Dallas Goedert,PHI,TE,3121023
Dalton Keene,HOU,TE,4240861
Dalton Kincaid,BUF,TE,4385690
Dalton Schultz,HOU,TE,3117256
Daniel Bellinger,NYG,TE,4361516
Daniel Fells,NYG,TE,10287
Daniel Hardy,MIN,TE,14121
Darius Hill,CIN,TE,12540
Darnell Washington,PIT,TE,4430802
Darren Waller,MIA,TE,2576925
David Martin-Robinson,TEN,TE,4360978
David Morgan,MIN,TE,2582138
David Njoku,CLE,TE,3123076
Davis Allen,LAR,TE,4426553
Davon Drew,BAL,TE,12538
Dawson Knox,BUF,TE,3930086
Deangelo Peterson,WAS,TE,15148
Dedrick Epps,NYJ,TE,13360
Devin Culp,TBB,TE,4361112
Donald Parham,PIT,TE,3912092
Dorin Dickerson,TEN,TE,13353
Drake Dabney,GBP,TE,4429466
Drake Dunsmore,TBB,TE,14996
Drew Sample,CIN,TE,3127310
Durham Smythe,CHI,TE,3052897
E.J. Jenkins,PHI,TE,4248557
Elijah Arroyo,SEA,TE,4678006
Elijah Higgins,ARI,TE,4426844
Eric Saubert,SEA,TE,2975863
Erick All,CIN,TE,4427834
Evan Engram,DEN,TE,3051876
Feleipe Franks,ATL,TE,4034948
Foster Moreau,NOS,TE,3843945
Garrett Dickerson,NYG,TE,3116132
Gavin Bartholomew,MIN,TE,4708049
Gavin Escobar,MIA,TE,15836
Gee Scott,WAS,TE,4429115
George Kittle,SFO,TE,3040151
Giovanni Ricci,DET,TE,3916749
Grant Calcaterra,PHI,TE,4241374
Greg Dulcich,MIA,TE,4367209
Greg Scruggs,NEP,TE,15120
Gunnar Helm,TEN,TE,4686728
Harold Fannin,CLE,TE,5083076
Harrison Bryant,HOU,TE,4040774
Hayden Rucci,SFO,TE,4428396
Hunter Henry,NEP,TE,3046439
Hunter Long,JAC,TE,4239944
Ian Thomas,LVR,TE,4045305
Ifeanyi Momah,ARI,TE,15775
Isaiah Likely,BAL,TE,4361050
Ja'Tavion Sanders,CAR,TE,4431588
Jack Stoll,NOS,TE,4034862
Jack Westover,NEP,TE,4361100
Jackson Hawes,BUF,TE,4573699
Jaheim Bell,PHI,TE,4429262
Jake Briningstool,KCC,TE,4431196
Jake Ferguson,DAL,TE,4242355
Jake Ingram,TEN,TE,12671
Jake Nordin,DET,TE,11142
Jake Stoneburner,NOS,TE,16493
Jake Tonges,SFO,TE,4259147
Jalin Conyers,MIA,TE,4431044
James Mitchell,CAR,TE,4361988
James Winchester,KCC,TE,16665
Jameson Konz,SEA,TE,13401
Jared Wiley,KCC,TE,4430723
Jason Peters,BUF,TE,6012
Jason Vander Laan,NOS,TE,3057863
Je'Ron Hamm,SFO,TE,17165
Jelani Woods,NYJ,TE,4241410
Jeremy Ruckert,NYJ,TE,4361372
Jerome Cunningham,WAS,TE,2476373
John Bates,WAS,TE,4048228
John FitzPatrick,GBP,TE,4379401
John Nalbone,SEA,TE,12706
Johnny Mundt,JAC,TE,3052096
Jonnu Smith,PIT,TE,3054212
Jordan Akins,JAC,TE,3128452
Jordan Franks,CIN,TE,3128439
Jordan Thompson,DET,TE,16705
Josh Oliver,MIN,TE,3921690
Josh Whyle,GBP,TE,4360086
Joshua Simon,ATL,TE,4430482
Josiah Deguara,ARI,TE,3914151
Julian Hill,MIA,TE,4365395
Justin Snow,IND,TE,2442
Juwan Johnson,NOS,TE,3929645
Kaseem Sinceno,CHI,TE,5692
Keavon Milton,CLE,TE,16095
Keleki Latu,BUF,TE,4688552
Ko Kieft,TBB,TE,4034779
Konrad Reuland,BAL,TE,14434
Kyle Pitts,ATL,TE,4360248
Kylen Granson,PHI,TE,4039160
Lawrence Cager,WAS,TE,3917849
Lucas Krull,DEN,TE,4360231
Luke Farrell,SFO,TE,4040612
Luke Lachey,HOU,TE,4432338
Luke Musgrave,GBP,TE,4428085
Luke Schoonmaker,DAL,TE,4372096
Manasseh Garner,BUF,TE,2515609
Marcedes Lewis,DEN,TE,9614
Marcel Jensen,WAS,TE,17183
Mark Andrews,BAL,TE,3116365
Mason Pline,NOS,TE,4911517
Mason Taylor,NYJ,TE,4808766
Matt Murphy,DEN,TE,14494
Matt Orzech,JAC,TE,4422336
Matt Sherry,CIN,TE,11441
Matt Sokol,LAC,TE,3121378
Matt Veldman,DET,TE,15318
Matthew Mulligan,DET,TE,11708
McCallan Castles,GBP,TE,4372741
Michael Egnew,PIT,TE,14903
Michael Higgins,NOS,TE,14400
Michael Matthews,BUF,TE,10806
Michael Mayer,LVR,TE,4429086
Mike Caussin,BUF,TE,13335
Mike Gesicki,CIN,TE,3116164
Mike Leach,ARI,TE,2482
Mike Sellers,CLE,TE,5527
Miller Forristall,LAR,TE,4040714
Mitchell Evans,CAR,TE,4683243
Mo Alie-Cox,IND,TE,2998565
Moliki Matavao,NOS,TE,4432731
Nate Adkins,DEN,TE,4383440
Nathan Overbay,TBB,TE,13785
Nick Kallerup,SEA,TE,4569547
Nick Muse,NYJ,TE,4249624
Nick O'Leary,LVR,TE,2576804
Nick Vannett,LAR,TE,2576399
Nikola Kalinic,CHI,TE,4916349
Noah Fant,CIN,TE,4036131
Noah Gray,KCC,TE,4240472
Oronde Gadsden,LAC,TE,4595342
Pat Freiermuth,PIT,TE,4361411
Payne Durham,TBB,TE,4372505
Pharaoh Brown,ARI,TE,2971281
Princeton Fant,DAL,TE,4242442
Quintin Morris,JAC,TE,4244049
Rashaun Allen,NOS,TE,17423
Rashod Berry,DET,TE,3915508
Richard Quinn,CIN,TE,12552
Rob Myers,WAS,TE,12546
Robert Tonyan,KCC,TE,2975674
Ross Dwelley,CAR,TE,3120303
Ryan Malleck,HOU,TE,2577892
Ryan O'Malley,OAK,TE,2566643
Ryan Otten,SDC,TE,16156
Sal Cannella,CLE,TE,4242536
Sam LaPorta,DET,TE,4430027
Scott Orndoff,CIN,TE,3045163
Sean McKeon,IND,TE,4036275
Shane Zylstra,DET,TE,4608362
Steven Scheu,DEN,TE,2577793
Stone Smartt,NYJ,TE,4250764
T.J. Hockenson,MIN,TE,4036133
Tanner Conner,NYG,TE,4047422
Tanner Hudson,CIN,TE,3050481
Tanner McLachlan,LAC,TE,4384171
Taysom Hill,NOS,TE,2468609
Teagan Quitoriano,ATL,TE,4374045
Terrance Ferguson,LAR,TE,4570037
Theo Johnson,NYG,TE,4429148
Thomas Fidone,NYG,TE,4590292
Tip Reiman,ARI,TE,4696700
Todd Yoder,WAS,TE,2402
Tom Crabtree,NOS,TE,13102
Tommy Hudson,TEN,TE,3675550
Tommy Tremble,CAR,TE,4372780
Tory Humphrey,NOS,TE,9450
Travis Kelce,KCC,TE,15847
Travis Vokolek,ARI,TE,4259324
Trey McBride,ARI,TE,4361307
Tucker Fisk,LAC,TE,4242558
Tucker Kraft,GBP,TE,4572680
Tyler Conklin,LAC,TE,3915486
Tyler Higbee,LAR,TE,2573401
Tyler Mabry,SEA,TE,3916587
Tyler Warren,IND,TE,4431459
Tyree Jackson,WAS,TE,3916564
Tyrone Swoopes,WAS,TE,3046705
Wes Saxton,WAS,TE,2972765
Wesley Walls,CAR,TE,10062
Will Dissly,LAC,TE,3127292
Will Mallory,IND,TE,4362523
Will Yeatman,HOU,TE,14513
Zach Davidson,NYG,TE,4746079
Zach Ertz,WAS,TE,15835
Zack Pianalto,TBB,TE,14567
Zaire Mitchell-Paden,NOS,TE,4876006
A.J. Brown,PHI,WR,4047646
A.J. Richardson,ARI,WR,3124369
A.T. Perry,PIT,WR,4362019
Adonai Mitchell,NYJ,WR,4597500
Ainias Smith,CAR,WR,4428532
Alec Pierce,IND,WR,4360078
Alex Bachman,LVR,WR,3919510
Alexander Hollins,CLE,WR,4249496
Amon-Ra St. Brown,DET,WR,4374302
Andre Baccellia,ARI,WR,3886809
Andrei Iosivas,CIN,WR,4368003
Andrew Armstrong,KCC,WR,5093923
Andrew Turzilli,DET,WR,2513916
Andy Tanner,NOS,WR,13872
Anthony Gould,IND,WR,4429684
Arian Smith,NYJ,WR,4429105
Ashton Dulin,IND,WR,4061956
Austin Trammell,JAC,WR,4244856
Beaux Collins,NYG,WR,4431210
Ben Edwards,NYG,WR,2507340
Ben Skowronek,PIT,WR,4035656
Brandin Cooks,BUF,WR,16731
Brandon Aiyuk,SFO,WR,4360438
Brandon Collins,NYG,WR,15588
Brandon Gibson,NEP,WR,12567
Brandon Johnson,DEN,WR,4035198
Brandon Smith,PIT,WR,4240577
Braxton Berrios,HOU,WR,3123075
Brenden Rice,LVR,WR,4686781
Brennan Presley,LAR,WR,4431342
Brett Swain,SFO,WR,11451
Brian Thomas Jr.,JAC,WR,4432773
Britain Covey,PHI,WR,3926231
Bryce Ford-Wheaton,NYG,WR,4362227
Bryce Oliver,TEN,WR,4362617
Brycen Tremayne,CAR,WR,4360763
Bub Means,NOS,WR,4427985
Buster Davis,BUF,WR,10474
Calvin Austin III,PIT,WR,4243389
Calvin Ridley,TEN,WR,3925357
Carlton Mitchell,DAL,WR,13222
Casey Washington,ATL,WR,4428796
Cedric Tillman,CLE,WR,4369863
Cedrick Wilson,MIA,WR,4036335
CeeDee Lamb,DAL,WR,4241389
Chandler Jones,TBB,WR,17188
Charles Johnson,PHI,WR,15885
Charlie Jones,CIN,WR,4257188
Chastin West,DET,WR,13775
Chimere Dike,TEN,WR,4431268
Chris Blair,ATL,WR,4369886
Chris Davis,FA*,WR,10571
Chris Godwin,TBB,WR,3116165
Chris Hubert,ARI,WR,2986501
Chris Moore,WAS,WR,2576581
Chris Olave,NOS,WR,4361370
Chris Owusu,NYJ,WR,15230
Christian Kirk,HOU,WR,3895856
Christian Watson,GBP,WR,4248528
Chuck Jacobs,BAL,WR,16462
Clyde Gates,TEN,WR,14209
Cody Core,MIA,WR,2980378
Cody Hollister,TEN,WR,3115443
Cody White,SEA,WR,4241983
Cole Burgess,PIT,WR,5192448
Coleman Owen,IND,WR,4578436
Colton Dowell,SFO,WR,4250945
Cooper Kupp,SEA,WR,2977187
Corey Fuller,NOS,WR,16014
Cornelius Johnson,BAL,WR,4426479
Cornell Powell,PIT,WR,4035465
Courtland Sutton,DEN,WR,3128429
Curtis Samuel,BUF,WR,3121427
D.J. Montgomery,IND,WR,4249030
D.J. Moore,CHI,WR,3915416
DJ Turner,LVR,WR,4036211
DK Metcalf,PIT,WR,4047650
Da'Ron Brown,KCC,WR,2513351
Dale Moss,CHI,WR,15255
Dalen Cambre,NYG,WR,4570296
Dalevon Campbell,LAC,WR,4569372
Damarr Aultman,MIA,WR,2507242
Dan Chisena,CAR,WR,3929637
Danny Gray,PHI,WR,4689546
Dante Pettis,NOS,WR,3127306
Dareke Young,SEA,WR,4401805
Darius Cooper,PHI,WR,4715355
Darius Slayton,NYG,WR,3916945
Darnell Mooney,ATL,WR,4040655
Darvin Kidsy,WAS,WR,3051650
Davante Adams,LAR,WR,16800
David Bell,CLE,WR,4570409
David Moore,CAR,WR,4212909
David Nelson,PIT,WR,13621
David Sills,ATL,WR,3871102
Daylen Baldwin,MIN,WR,4262900
Dayton Wade,BAL,WR,4428763
DeAndre Carter,CLE,WR,2580216
DeAndre Hopkins,BAL,WR,15795
DeVonta Smith,PHI,WR,4241478
Dee Eskridge,MIA,WR,4043016
Deebo Samuel,WAS,WR,3126486
Deion Branch,IND,WR,3593
Demarco Sampson,PHI,WR,14060
Demarcus Robinson,SFO,WR,3043116
Demario Douglas,NEP,WR,4427095
Dennis Houston,TBB,WR,4572786
Deon Long,STL,WR,2514423
Derius Davis,LAC,WR,4362477
Devaughn Vele,NOS,WR,4569559
Deven Thompkins,ATL,WR,4374187
Devin Duvernay,CHI,WR,4039050
Devin Fuller,ATL,WR,2971574
Devin Gray,ATL,WR,4037481
Devin Thomas,DET,WR,11268
Devon Wylie,STL,WR,14923
Devontez Walker,BAL,WR,4696882
Diondre Borel,TEN,WR,14677
Dom Williams,PHI,WR,2578446
Dominic Lovett,DET,WR,4596439
Dominique Curry,DET,WR,13806
Dont'e Thornton,LVR,WR,4432775
Dontayvion Wicks,GBP,WR,4428850
Drake London,ATL,WR,4426502
Dyami Brown,JAC,WR,4361577
Dylan Drummond,ATL,WR,4363551
Easop Winston,NYJ,WR,4245174
Efton Chism,NEP,WR,4695193
Eli Pancol,IND,WR,4430288
Elic Ayomanor,TEN,WR,4883647
Elijah Cooks,NOS,WR,4241588
Elijah Moore,DEN,WR,4372414
Emeka Egbuka,TBB,WR,4567750
Emmanuel Arceneaux,NYJ,WR,13954
Emory Blake,STL,WR,16300
Eron Riley,NYJ,WR,13112
Frankie Hammond,NYJ,WR,16260
Fred Williams,KCC,WR,17257
Gabriel Davis,BUF,WR,4243537
Gage Larvadain,CLE,WR,4877203
Garrett Wilson,NYJ,WR,4569618
George Pickens,DAL,WR,4426354
Glenn Martinez,HOU,WR,9357
Greg Dortch,ARI,WR,4037235
Greg Orton,NEP,WR,12589
Gunner Olszewski,NYG,WR,4424106
Ihmir Smith-Marsette,ARI,WR,4240573
Isaac TeSlaa,DET,WR,5123663
Isaac Whitney,HOU,WR,3894883
Isaiah Bond,CLE,WR,4808839
Isaiah Burse,LAC,WR,16972
Isaiah Hodgins,NYG,WR,4242540
Isaiah Neyor,GBP,WR,4428116
Isaiah Williams,NYJ,WR,4569371
Isaiah Williams,OAK,WR,13117
Ishmael Hyman,CAR,WR,3039968
J.J. Stokes,SFO,WR,8540
JP Richardson,CHI,WR,4685183
Ja'Corey Brooks,WAS,WR,4431506
Ja'Lynn Polk,NOS,WR,4430637
Ja'Marr Chase,CIN,WR,4362628
Jack Bech,LVR,WR,4603186
Jackson Meeks,DET,WR,4602788
Jacob Cowing,SFO,WR,4575665
Jacoby Jones,WAS,WR,5083297
Jahan Dotson,PHI,WR,4361409
Jahdae Walker,CHI,WR,5160110
Jake Bobo,SEA,WR,4360405
Jakobi Meyers,JAC,WR,3916433
Jakobie Keeney-James,GBP,WR,5178972
Jalen Brooks,ARI,WR,4692835
Jalen Coker,CAR,WR,4695883
Jalen Cropper,DAL,WR,4426990
Jalen McMillan,TBB,WR,4430834
Jalen Nailor,MIN,WR,4382466
Jalen Reagor,LAC,WR,4241802
Jalen Royals,KCC,WR,5082630
Jalen Tolbert,DAL,WR,4249417
Jalin Hyatt,NYG,WR,4692590
Jamaal Pritchett,NYJ,WR,4892576
Jamari Thrash,CLE,WR,4428678
Jamel Johnson,SEA,WR,3153437
James Proche,TEN,WR,3916204
James Wright,IND,WR,16922
Jameson Williams,DET,WR,4426388
Jared Wayne,HOU,WR,4430681
Jarred Fayson,NOS,WR,14383
Jason Brownlee,KCC,WR,4689988
Jauan Jennings,SFO,WR,3886598
Javon Baker,SFO,WR,4692022
Jaxon Smith-Njigba,SEA,WR,4430878
Jayden Higgins,HOU,WR,4877706
Jayden Reed,GBP,WR,4362249
Jaylen Waddle,MIA,WR,4372016
Jaylin Lane,WAS,WR,4602667
Jaylin Noel,HOU,WR,4586312
Jermaine Ross,CLE,WR,4622
Jerry Jeudy,CLE,WR,4241463
Jeshaun Jones,MIN,WR,4360637
Jha'Quan Jackson,JAC,WR,4427575
Jimmie Hunt,GBP,WR,2514119
Jimmy Horn,CAR,WR,4708486
Joaquin Davis,MIN,WR,4696907
John Matthews,JAC,WR,12999
John Metchie,NYJ,WR,4567096
Johnny Wilson,PHI,WR,4686104
Jonathan Mingo,DAL,WR,4426485
Jordan Addison,MIN,WR,4429205
Jordan Moore,CIN,WR,4594444
Jordan Veasy,WAS,WR,4035853
Jordan Watkins,SFO,WR,4431466
Jordan Whittington,LAR,WR,4569382
Jordan Williams,NOS,WR,2972065
Josh Downs,IND,WR,4688813
Josh Lenz,HOU,WR,16147
Josh Reynolds,NYJ,WR,3115306
Joshua Cephus,JAC,WR,4426893
Joshua Palmer,BUF,WR,4242433
JuJu Smith-Schuster,KCC,WR,3120348
Junior Bergen,SFO,WR,4887918
Justin Jefferson,MIN,WR,4262921
Justin Shorter,LVR,WR,4361426
Justin Watson,HOU,WR,3118892
K.J. Osborn,ATL,WR,3916566
KaVontae Turpin,DAL,WR,3676833
Kaden Davis,CLE,WR,5065495
Kalif Raymond,DET,WR,2973405
Kameron Johnson,TBB,WR,5097554
Kashif Moore,PIT,WR,15180
Kawaan Baker,NEP,WR,4068152
Kayshon Boutte,NEP,WR,4429022
Ke'Shawn Williams,CIN,WR,4570738
KeAndre Lambert-Smith,LAC,WR,4430870
Keenan Allen,LAC,WR,15818
Kelvin McKnight,DEN,WR,3915575
Kendric Pryor,CIN,WR,4035776
Kendrick Bourne,SFO,WR,3045523
Keon Coleman,BUF,WR,4635008
Keon Hatcher,NYJ,WR,2980061
Kevin Austin,NOS,WR,4372758
Kevin Dorsey,NEP,WR,15907
Kevin Smith,SEA,WR,17257
KhaDarel Hodge,ATL,WR,3047876
Khalil Shakir,BUF,WR,4373678
Konata Mumpfield,LAR,WR,4710855
Kris Adams,NYG,WR,14319
Kristian Wilkerson,BUF,WR,3910176
Kyle Williams,NEP,WR,4613202
Kyle Williams,DEN,WR,13488
L'Damian Washington,PIT,WR,17307
LaJohntay Wester,BAL,WR,4690143
LaRon Byrd,WAS,WR,15536
Ladd McConkey,LAC,WR,4612826
Lance Lenoir,DAL,WR,3049249
Lance Lewis,SFO,WR,15741
Lance McCutcheon,TEN,WR,4247812
Laquon Treadwell,IND,WR,3051889
Larry Pinkard,JAC,WR,2512892
Lil'Jordan Humphrey,DEN,WR,4039057
Luke Floriea,CLE,WR,4566157
Luke Grimm,LAC,WR,4433830
Luke McCaffrey,WAS,WR,4426948
Luther Burden,CHI,WR,4685278
Mack Hollins,NEP,WR,2991662
Malachi Corley,CLE,WR,4613104
Malik Cunningham,DET,WR,4240069
Malik Heath,ATL,WR,4689334
Malik Nabers,NYG,WR,4595348
Malik Turner,SFO,WR,3115928
Malik Washington,MIA,WR,4569603
Marcus Easley,BUF,WR,13224
Marcus Harris,NYG,WR,14688
Marcus Leak,IND,WR,2577081
Mario Williams,LAR,WR,4431618
Marken Michel,PHI,WR,2591718
Marquez Valdes-Scantling,PIT,WR,3051738
Marquise Brown,KCC,WR,4241372
Marvin Harrison Jr.,ARI,WR,4432708
Marvin Mims,DEN,WR,4686472
Mason Kinsey,TEN,WR,4057082
Mason Tipton,NOS,WR,4573697
Mathew Sexton,KCC,WR,4039339
Matthew Golden,GBP,WR,4701936
Maurice Alexander,CHI,WR,3914307
Mecole Hardman,BUF,WR,4035004
Mekale McKay,CIN,WR,2980068
Michael Bandy,DEN,WR,4034704
Michael Calvin,TEN,WR,15133
Michael Pittman,IND,WR,4035687
Michael Wilson,ARI,WR,4360761
Michael Woods,GBP,WR,4360174
Mike Evans,TBB,WR,16737
Mike Furrey,WAS,WR,4939
Mitchell Tinsley,CIN,WR,4690070
Montay Crockett,JAC,WR,2973973
Myles Price,MIN,WR,4430656
Nate Hughes,JAC,WR,11798
Nick Easley,BUF,WR,4240591
Nick Miller,PHI,WR,12953
Nick Nash,WAS,WR,4570242
Nick Westbrook-Ikhine,MIA,WR,3929785
Nico Collins,HOU,WR,4258173
Nikko Remigio,KCC,WR,4372716
Noah Brown,WAS,WR,3121409
Olamide Zaccheaus,CHI,WR,3917914
Parker Washington,JAC,WR,4432620
Parris Campbell,DAL,WR,3121410
Pat Bryant,DEN,WR,4600981
Patrick Williams,BAL,WR,13027
Paul Turner,NOS,WR,2577286
Paul Williams,TEN,WR,10524
Phillip Dorsett,LVR,WR,2579604
Phillip Livas,BAL,WR,14555
Puka Nacua,LAR,WR,4426515
Quadree Henderson,PIT,WR,3895789
Quentin Johnston,LAC,WR,4429025
Quentin Skinner,NYJ,WR,4613050
Quez Watkins,PHI,WR,4050373
Quintez Cephus,HOU,WR,4035793
R.J. Harris,NOS,WR,2507284
Rakim Jarrett,PIT,WR,4429006
Rannell Hall,CLE,WR,2581464
Rashad Lawrence,JAC,WR,17349
Rashard Davis,TEN,WR,3049329
Rashee Rice,KCC,WR,4428331
Rashid Shaheed,SEA,WR,4032473
Rashod Bateman,BAL,WR,4360939
Ray-Ray McCloud,NYG,WR,3728262
Reggie Bell,NOS,WR,2520767
Reggie Davis,CHI,WR,3043134
Ricardo Louis,MIA,WR,2971023
Ricky Pearsall,SFO,WR,4428209
Ricky White,SEA,WR,4431479
River Cracraft,WAS,WR,3052056
Robbie Chosen,WAS,WR,2574808
Robert Herron,MIA,WR,16903
Robert Meachem,FA*,WR,10471
Roberto Wallace,TEN,WR,13661
Rod Windsor,CLE,WR,13941
Rodney Smith,DAL,WR,16373
Roman Wilson,PIT,WR,4431492
Rome Odunze,CHI,WR,4431299
Romeo Doubs,GBP,WR,4361432
Rondale Moore,MIN,WR,4372485
Ronnie Bell,NOS,WR,4372063
Russell Gage,SFO,WR,3115378
Ryan Flournoy,DAL,WR,5083754
Ryan Miller,NYG,WR,4369466
Ryan Spadola,ARI,WR,16230
Ryan Thelwell,SDC,WR,9283
Samori Toure,NOS,WR,4027873
Savion Williams,GBP,WR,4431487
Scotty McKnight,NYJ,WR,14161
Scotty Miller,PIT,WR,3914397
Seantavius Jones,IND,WR,17191
Seyi Ajirotutu,PHI,WR,13524
Shakim Phillips,PIT,WR,2512378
Shaquan Davis,PHI,WR,4579752
Shaun Bodiford,OAK,WR,9872
Shedrick Jackson,LVR,WR,4361332
Simi Fehoko,ARI,WR,4360739
Skye Dawson,DET,WR,16337
Skyy Moore,SFO,WR,4430191
Spencer Schnell,TBB,WR,3126075
Stefon Diggs,NEP,WR,2976212
Sterling Shepard,TBB,WR,2976592
Steve Ishmael,IND,WR,3123992
Steven Sims,ARI,WR,3917960
Stevonne Smith,CAR,WR,6044
Tahj Washington,MIA,WR,4567506
Tai Felton,MIN,WR,4565185
Tank Dell,HOU,WR,4366031
Tay Martin,WAS,WR,4245144
Tee Higgins,CIN,WR,4239993
Tejhaun Palmer,ARI,WR,4875912
Terrace Marshall,PHI,WR,4362630
Terrence Austin,DET,WR,13312
Terry McLaurin,WAS,WR,3121422
Tetairoa McMillan,CAR,WR,4685472
Tevaun Smith,JAC,WR,2979507
Tez Johnson,TBB,WR,4608810
Theo Wease,MIA,WR,4426535
Tim Jones,JAC,WR,4245131
Tim Patrick,JAC,WR,3134353
Tim Toone,ATL,WR,13474
Tom Kennedy,DET,WR,3126997
Tommy Mellott,NOS,WR,4775196
Toney Clemons,CAR,WR,15118
Tony Washington,JAC,WR,17048
Tory Horton,SEA,WR,4597703
Traeshon Holden,DAL,WR,4429172
Travin Dural,NOS,WR,2976557
Travis Hunter,JAC,WR,4685415
Tre Harris,LAC,WR,4686612
Tre Tucker,LVR,WR,4428718
Trent Sherfield,NEP,WR,3122168
Trent Taylor,SFO,WR,3040569
Trenton Irwin,NYJ,WR,3931391
Trey Palmer,NOS,WR,4426407
Treylon Burks,WAS,WR,4567156
Troy Franklin,DEN,WR,4431280
Tutu Atwell,LAR,WR,4360797
Tylan Wallace,BAL,WR,4241424
Tyler Johnson,NYJ,WR,2310331
Tyler Lockett,LVR,WR,2577327
Tyler Murphy,MIA,WR,2516059
Tyler Scott,LAR,WR,4565908
Tyquan Thornton,KCC,WR,4362921
Tyreek Hill,MIA,WR,3116406
Tyrell Shavers,BUF,WR,4241476
Van Jefferson,TEN,WR,3930066
Velus Jones,SEA,WR,4035693
Wan'Dale Robinson,NYG,WR,4569587
Xavier Gipson,NYG,WR,4427278
Xavier Hutchinson,HOU,WR,4686422
Xavier Johnson,CIN,WR,4385430
Xavier Legette,CAR,WR,4430034
Xavier Restrepo,TEN,WR,4431353
Xavier Smith,LAR,WR,4386544
Xavier Weaver,ARI,WR,4428811
Xavier Worthy,KCC,WR,4683062
Zay Flowers,BAL,WR,4429615
Zay Jones,ARI,WR,3059722
